Rank	Release	Lifetime_Gross	Max_Theaters	Opening_Gross	Open_Theaters	Release_Date	Distributor
1	Ice Age: Dawn of the Dinosaurs	$196,573,705	4,102	$41,690,382	4,099	Jul 1, 2009	Twentieth Century Fox
2	Ice Age: The Meltdown	$195,330,621	3,969	$68,033,544	3,964	Mar 31, 2006	Twentieth Century Fox
3	Ice Age	$176,387,405	3,345	$46,312,454	3,316	Mar 15, 2002	Twentieth Century Fox
4	Ice Age: Continental Drift	$161,321,843	3,886	$46,629,259	3,881	July 13, 2012	Twentieth Century Fox
5	Horton Hears a Who!	$154,529,439	3,961	$45,012,998	3,954	March 14, 2008	Twentieth Century Fox
6	Rio	$143,619,809	3,842	$39,225,962	3,826	Apr 15, 2011	Twentieth Century Fox
7	Rio 2	$131,538,435	3,975	$39,327,869	3,948	April 11, 2014	Twentieth Century Fox
8	The Peanuts Movie	$130,178,411	3,902	$44,213,073	3,897	November 6, 2015	Twentieth Century Fox
9	Robots	$128,200,012	3,776	$36,045,301	3,776	March 11, 2005	Twentieth Century Fox
10	Epic	$107,518,682	3,894	$33,531,068	3,882	May 24, 2013	Twentieth Century Fox
11	Ferdinand	$84,410,380	3,630	$13,401,586	3,621	December 15, 2017	Twentieth Century Fox
12	Spies in Disguise	$66,757,013	3,502	$13,354,798	3,502	Dec 25, 2019	Twentieth Century Fox
13	Ice Age: Collision Course	$64,063,008	3,997	$21,373,064	3,992	Jul 22, 2016	Twentieth Century Fox