Rank	Release	Lifetime_Gross	Max_Theaters	Opening_Gross	Open_Theaters	Release_Date	Distributor
1	Avengers: Endgame	$858,373,000	4,662	$357,115,007	4,662	Apr 26, 2019	Walt Disney Studios Motion Pictures
2	Black Panther	$700,059,566	4,084	$202,003,951	4,020	Feb 16, 2018	Walt Disney Studios Motion Pictures
3	Avengers: Infinity War	$678,815,482	4,474	$257,698,183	4,474	Apr 27, 2018	Walt Disney Studios Motion Pictures
4	The Avengers	$623,357,910	4,349	$207,438,708	4,349	May 4, 2012	Walt Disney Studios Motion Pictures
5	Avengers: Age of Ultron	$459,005,868	4,276	$191,271,109	4,276	May 1, 2015	Walt Disney Studios Motion Pictures
6	Captain Marvel	$426,829,839	4,310	$153,433,423	4,310	Mar 8, 2019	Walt Disney Studios Motion Pictures
7	Iron Man 3	$409,013,994	4,253	$174,144,585	4,253	May 3, 2013	Walt Disney Studios Motion Pictures
8	Captain America: Civil War	$408,084,349	4,226	$179,139,142	4,226	May 6, 2016	Walt Disney Studios Motion Pictures
9	Spider-Man	$403,706,375	3,876	$114,844,116	3,615	May 3, 2002	Sony Pictures Releasing
10	Spider-Man: Far from Home	$390,532,085	4,634	$92,579,212	4,634	Jul 2, 2019	Sony Pictures Releasing
11	Guardians of the Galaxy Vol. 2	$389,813,101	4,347	$146,510,104	4,347	May 5, 2017	Walt Disney Studios Motion Pictures
12	Spider-Man 2	$373,585,825	4,166	$88,156,227	4,152	Jun 30, 2004	Sony Pictures Releasing
13	Deadpool	$363,070,709	3,856	$132,434,639	3,558	Feb 12, 2016	Twentieth Century Fox
14	Spider-Man 3	$336,530,303	4,324	$151,116,516	4,252	May 4, 2007	Sony Pictures Releasing
15	Spider-Man: Homecoming	$334,201,140	4,348	$117,027,503	4,348	Jul 7, 2017	Sony Pictures Releasing
16	Guardians of the Galaxy	$333,176,600	4,088	$94,320,883	4,080	Aug 1, 2014	Walt Disney Studios Motion Pictures
17	Iron Man	$318,604,126	4,154	$98,618,668	4,105	May 2, 2008	Paramount Pictures
18	Deadpool 2	$318,491,426	4,349	$125,507,153	4,349	May 18, 2018	Twentieth Century Fox
19	Thor: Ragnarok	$315,058,289	4,080	$122,744,989	4,080	Nov 3, 2017	Walt Disney Studios Motion Pictures
20	Iron Man 2	$312,433,331	4,390	$128,122,480	4,380	May 7, 2010	Paramount Pictures
21	The Amazing Spider-Man	$262,030,663	4,318	$62,004,688	4,318	Jul 3, 2012	Sony Pictures Releasing
22	Captain America: The Winter Soldier	$259,766,572	3,938	$95,023,721	3,938	Apr 4, 2014	Walt Disney Studios Motion Pictures
23	X-Men: The Last Stand	$234,362,462	3,714	$102,750,665	3,690	May 26, 2006	Twentieth Century Fox
24	X-Men: Days of Future Past	$233,921,534	4,001	$90,823,660	3,996	May 23, 2014	Twentieth Century Fox
25	Doctor Strange	$232,641,920	3,882	$85,058,311	3,882	Nov 4, 2016	Walt Disney Studios Motion Pictures
26	Logan	$226,277,068	4,071	$88,411,916	4,071	Mar 3, 2017	Twentieth Century Fox
27	Big Hero 6	$222,527,828	3,773	$56,215,889	3,761	Nov 7, 2014	Walt Disney Studios Motion Pictures
28	Ant-Man and the Wasp	$216,648,740	4,206	$75,812,205	4,206	Jul 6, 2018	Walt Disney Studios Motion Pictures
29	X2: X-Men United	$214,949,694	3,749	$85,558,731	3,741	May 2, 2003	Twentieth Century Fox
30	Venom	$213,515,506	4,250	$80,255,756	4,250	Oct 5, 2018	Sony Pictures Releasing
31	Thor: The Dark World	$206,362,140	3,841	$85,737,841	3,841	Nov 8, 2013	Walt Disney Studios Motion Pictures
32	The Amazing Spider-Man 2	$202,853,933	4,324	$91,608,337	4,324	May 2, 2014	Sony Pictures Releasing
33	Spider-Man: Into the Spider-Verse	$190,241,310	3,813	$35,363,376	3,813	Dec 14, 2018	Sony Pictures Releasing
34	Thor	$181,030,624	3,963	$65,723,338	3,955	May 6, 2011	Paramount Pictures
35	Ant-Man	$180,202,163	3,868	$57,225,526	3,856	Jul 17, 2015	Walt Disney Studios Motion Pictures
36	X-Men Origins: Wolverine	$179,883,157	4,102	$85,058,003	4,099	May 1, 2009	Twentieth Century Fox
37	Captain America: The First Avenger	$176,654,505	3,715	$65,058,524	3,715	Jul 22, 2011	Paramount Pictures
38	X-Men	$157,299,718	3,112	$54,471,475	3,025	Jul 14, 2000	Twentieth Century Fox
39	X-Men: Apocalypse	$155,442,489	4,153	$65,769,562	4,150	May 27, 2016	Twentieth Century Fox
40	Fantastic Four	$154,696,080	3,619	$56,061,504	3,602	Jul 8, 2005	Twentieth Century Fox
41	X-Men: First Class	$146,408,305	3,692	$55,101,604	3,641	Jun 3, 2011	Twentieth Century Fox
42	The Incredible Hulk	$134,806,913	3,508	$55,414,050	3,505	Jun 13, 2008	Universal Pictures
43	The Wolverine	$132,556,852	3,924	$53,113,752	3,924	Jul 26, 2013	Twentieth Century Fox
44	Hulk	$132,177,234	3,674	$62,128,420	3,660	Jun 20, 2003	Universal Pictures
45	Fantastic 4: Rise of the Silver Surfer	$131,921,738	3,963	$58,051,684	3,959	Jun 15, 2007	Twentieth Century Fox
46	Ghost Rider	$115,802,596	3,620	$45,388,836	3,619	Feb 16, 2007	Sony Pictures Releasing
47	Daredevil	$102,543,518	3,474	$40,310,419	3,471	Feb 14, 2003	Twentieth Century Fox
48	Blade II	$82,348,319	2,707	$32,528,016	2,707	Mar 22, 2002	New Line Cinema
49	Blade	$70,087,718	2,389	$17,073,856	2,322	Aug 21, 1998	New Line Cinema
50	X-Men: Dark Phoenix	$65,845,974	3,721	$32,828,348	3,721	Jun 7, 2019	Twentieth Century Fox
51	Fantastic Four	$56,117,548	4,004	$25,685,737	3,995	Aug 7, 2015	Twentieth Century Fox
52	Blade: Trinity	$52,411,906	2,912	$16,100,000	2,912	Dec 8, 2004	New Line Cinema
53	Ghost Rider: Spirit of Vengeance	$51,774,002	3,174	$22,115,334	3,174	Feb 17, 2012	Sony Pictures Releasing
54	The Punisher	$33,810,189	2,649	$14,000,000	2,649	Apr 16, 2004	Lionsgate
55	Elektra	$24,409,722	3,204	$12,804,793	3,204	Jan 14, 2005	Twentieth Century Fox
56	Howard the Duck	$16,295,774	1,563	$5,070,136	1,554	Aug 1, 1986	Universal Pictures
57	Punisher: War Zone	$8,050,977	2,508	$4,271,451	2,508	Dec 5, 2008	Lionsgate
58	Spider-Man/Men in Black IIDouble Bill	$6,632,970	2,078	$2,111,862	2,078	Sep 6, 2002	Sony Pictures Releasing
59	Once Upon a Deadpool2018 Re-release	$6,100,309	1,566	$2,683,200	1,566	Dec 12, 2018	Twentieth Century Fox
60	Inhumans	$1,521,787	393	$1,135,440	393	Sep 1, 2017	IMAX