Rank	Release	Lifetime_Gross	Max_Theaters	Opening_Gross	Open_Theaters	Release_Date	Distributor
1	Jurassic World	$652,270,625	4,291	$208,806,270	4,274	Jun 12, 2015	Universal Pictures
2	The Dark Knight	$533,345,358	4,366	$158,411,483	4,366	Jul 18, 2008	Warner Bros.
3	The Dark Knight Rises	$448,139,099	4,404	$160,887,295	4,404	Jul 20, 2012	Warner Bros.
4	Jurassic World: Fallen Kingdom	$417,719,760	4,485	$148,024,610	4,475	June 22, 2018	Universal Pictures
5	Inception	$292,576,195	3,792	$62,785,337	3,792	July 16, 2010	Warner Bros.
6	Man of Steel	$291,045,518	4,207	$116,619,362	4,207	Jun 14, 2013	Warner Bros.
7	The Hangover	$277,322,503	3,545	$44,979,319	3,269	June 5, 2009	Warner Bros.
8	The Hangover Part II	$254,464,305	3,675	$85,946,294	3,615	May 26, 2011	Warner Bros.
9	300	$210,614,939	3,280	$70,885,301	3,103	March 9, 2007	Warner Bros.
10	Batman Begins	$205,343,774	3,858	$48,745,440	3,858	Jun 15, 2005	Warner Bros.
11	Godzilla	$200,676,069	3,952	$93,188,384	3,952	May 16, 2014	Warner Bros.
12	Superman Returns	$200,081,192	4,065	$52,535,096	4,065	Jun 28, 2006	Warner Bros.
13	Interstellar	$188,020,017	3,561	$47,510,360	3,561	Nov 5, 2014	Paramount Pictures
14	Kong: Skull Island	$168,052,812	3,846	$61,025,472	3,846	March 10, 2017	Warner Bros.
15	Clash of the Titans	$163,214,888	3,802	$61,235,105	3,777	Apr 2, 2010	Warner Bros.
16	Straight Outta Compton	$161,197,785	3,142	$60,200,180	2,757	Aug 14, 2015	Universal Pictures
17	Pokémon Detective Pikachu	$144,105,346	4,248	$54,365,242	4,202	May 10, 2019	Warner Bros.
18	Mamma Mia! Here We Go Again	$120,634,935	3,514	$34,952,180	3,317	July 20, 2018	Universal Pictures
19	Unbroken	$115,637,895	3,301	$30,621,445	3,131	Dec 25, 2014	Universal Pictures
20	The Hangover Part III	$112,200,072	3,565	$41,671,198	3,555	May 23, 2013	Warner Bros.
21	Godzilla: King of the Monsters	$110,500,138	4,108	$47,776,293	4,108	May 31, 2019	Warner Bros.
22	Watchmen	$107,509,799	3,611	$55,214,334	3,611	Mar 6, 2009	Warner Bros.
23	300: Rise of an Empire	$106,580,051	3,490	$45,038,460	3,470	March 7, 2014	Warner Bros.
24	Pacific Rim	$101,802,906	3,285	$37,285,325	3,275	July 12, 2013	Warner Bros.
25	Due Date	$100,539,043	3,365	$32,689,406	3,355	Nov 5, 2010	Warner Bros.
26	42	$95,020,213	3,405	$27,487,144	3,003	Apr 12, 2013	Warner Bros.
27	10,000 BC	$94,784,201	3,454	$35,867,488	3,410	Mar 7, 2008	Warner Bros.
28	The Town	$92,186,262	2,935	$23,808,032	2,861	Sep 17, 2010	Warner Bros.
29	Wrath of the Titans	$83,670,083	3,545	$33,457,188	3,545	March 30, 2012	Warner Bros.
30	Where the Wild Things Are	$77,233,467	3,735	$32,695,407	3,735	Oct 16, 2009	Warner Bros.
31	Skyscraper	$68,420,120	3,822	$24,905,015	3,782	Jul 13, 2018	Universal Pictures
32	Jack the Giant Slayer	$65,187,603	3,525	$27,202,226	3,525	March 1, 2013	Warner Bros.
33	Pacific Rim: Uprising	$59,874,525	3,708	$28,116,535	3,708	Mar 23, 2018	Universal Pictures
34	Dracula Untold	$56,280,355	2,900	$23,514,615	2,885	October 10, 2014	Universal Pictures
35	BlacKkKlansman	$49,275,340	1,914	$10,845,330	1,512	Aug 10, 2018	Focus Features
36	Warcraft	$47,365,290	3,406	$24,166,110	3,400	June 10, 2016	Universal Pictures
37	The Great Wall	$45,540,830	3,328	$18,469,620	3,326	Feb 17, 2017	Universal Pictures
38	We Are Marshall	$43,545,364	2,606	$6,114,264	2,606	Dec 22, 2006	Warner Bros.
39	Krampus	$42,725,475	2,919	$16,293,325	2,902	December 4, 2015	Universal Pictures
40	Lady in the Water	$42,285,169	3,235	$18,044,396	3,235	Jul 21, 2006	Warner Bros.
41	Ninja Assassin	$38,122,883	2,503	$13,316,158	2,503	Nov 25, 2009	Warner Bros.
42	Sucker Punch	$36,392,502	3,033	$19,058,199	3,033	Mar 25, 2011	Warner Bros.
43	Crimson Peak	$31,090,320	2,991	$13,143,310	2,984	Oct 16, 2015	Universal Pictures
44	The Ant Bully	$28,142,535	3,050	$8,432,465	3,050	Jul 28, 2006	Warner Bros.
45	Observe and Report	$24,007,324	2,727	$11,017,334	2,727	Apr 10, 2009	Warner Bros.
46	As Above, So Below	$21,321,100	2,650	$8,632,820	2,640	Aug 29, 2014	Universal Pictures
47	Beerfest	$19,185,184	2,964	$7,031,228	2,964	Aug 25, 2006	Warner Bros.
48	Steve Jobs	$17,766,658	2,493	$521,522	4	Oct 9, 2015	Universal Pictures
49	Seventh Son	$17,223,265	2,875	$7,217,640	2,875	Feb 6, 2015	Universal Pictures
50	Mortal Engines	$15,951,040	3,103	$7,559,850	3,103	Dec 14, 2018	Universal Pictures
51	Jonah Hex	$10,547,117	2,825	$5,379,365	2,825	Jun 18, 2010	Warner Bros.
52	Blackhat	$8,005,980	2,568	$3,901,815	2,567	Jan 16, 2015	Universal Pictures
53	The Dark Knight2012 Re-release	$1,513,086	-	-	-	Jul 19, 2012	Warner Bros.
54	Batman Begins2012 Re-release	$1,508,658	-	-	-	Jul 19, 2012	Warner Bros.
55	The Dark Knight2018 Re-release	$375,589	-	-	-	Aug 24, 2018	Warner Bros.