Rank	Release	Lifetime_Gross	Max_Theaters	Opening_Gross	Open_Theaters	Release_Date	Distributor
1	Pirates of the Caribbean: Dead Man's Chest	$423,315,812	4,133	$135,634,554	4,133	Jul 7, 2006	Walt Disney Studios Motion Pictures
2	Pirates of the Caribbean: At World's End	$309,420,425	4,362	$114,732,820	4,362	May 25, 2007	Walt Disney Studios Motion Pictures
3	Pirates of the Caribbean: The Curse of the Black Pearl	$305,413,918	3,416	$46,630,690	3,269	Jul 9, 2003	Walt Disney Studios Motion Pictures
4	Pirates of the Caribbean: On Stranger Tides	$241,071,802	4,164	$90,151,958	4,155	May 20, 2011	Walt Disney Studios Motion Pictures
5	Pirates of the Caribbean: Dead Men Tell No Tales	$172,558,876	4,276	$62,983,253	4,276	May 26, 2017	Walt Disney Studios Motion Pictures